"FSC.H","SSC.H","FL1.H","FL2.H","FL3.H","FL1.A","FL1.W","Time","Gate"
309,376,264,198,313,0,0,2,1
83,55,139,51,146,0,0,2,1
184,198,232,83,124,0,0,2,1
169,75,696,22,193,121,26,2,2
212,98,166,0,221,0,0,2,1
164,143,108,160,117,0,0,2,1
525,628,581,250,50,39,0,2,1
80,41,84,0,190,0,0,2,1
369,306,405,106,199,2,0,2,1
152,129,113,83,54,0,0,2,1
62,344,135,100,14,0,0,2,-1
282,212,187,26,173,0,0,2,1
96,118,65,46,14,0,0,2,1
286,140,230,116,195,0,0,2,1
903,838,936,405,1023,1023,324,2,-1
309,326,248,143,270,0,0,4,1
157,139,209,115,147,0,0,4,1
138,98,97,0,45,0,0,4,1
278,378,248,210,100,0,0,4,1
165,1023,4,0,11,0,0,4,-1
465,610,323,289,168,0,0,4,1
113,51,104,36,195,0,0,4,1
198,163,211,51,190,0,0,4,1
251,273,196,142,94,0,0,4,1
224,179,212,138,131,0,0,4,1
327,318,252,127,228,0,0,4,1
269,253,237,126,296,0,0,4,1
455,438,248,244,166,0,0,4,1
213,162,136,42,100,0,0,4,1
116,147,196,116,147,0,0,4,1
312,160,244,84,369,0,0,6,1
193,187,188,157,109,0,0,6,1
237,122,151,0,343,0,0,6,1
139,73,125,0,165,0,0,6,1
74,45,105,0,146,0,0,6,1
123,105,122,36,90,0,0,6,1
1023,832,955,286,1023,1023,213,6,-1
72,86,345,0,104,0,0,6,1
236,560,132,106,21,0,0,6,-1
107,44,145,0,201,0,0,6,1
351,311,650,118,275,81,15,6,2
257,250,242,104,257,0,0,6,1
515,310,600,47,355,46,0,6,2
222,158,189,60,121,0,0,6,1
301,381,231,100,301,0,0,6,1
75,114,151,66,71,0,0,9,-1
310,235,840,277,449,453,58,9,2
226,183,209,129,161,0,0,9,1
264,117,732,161,371,166,31,9,2
82,53,149,77,138,0,0,9,1
158,33,61,53,4,0,0,9,-1
506,196,847,225,511,487,73,9,2
532,448,863,303,1021,660,227,9,2
257,141,194,101,192,0,0,9,1
89,239,157,103,24,0,0,9,-1
187,81,213,83,173,0,0,9,1
221,66,705,166,242,131,25,9,2
212,138,108,0,209,0,0,9,1
272,224,239,157,256,0,0,9,1
217,126,213,116,201,0,0,9,1
361,274,285,150,321,0,0,14,1
783,705,371,246,674,2,0,14,-1
202,160,171,29,182,0,0,14,1
216,224,240,178,67,0,0,14,1
283,235,261,147,311,0,0,14,1
252,177,200,70,172,0,0,14,1
285,144,747,218,233,189,38,14,2
220,123,55,23,191,0,0,14,1
123,179,126,103,17,0,0,14,1
166,103,756,113,219,202,39,14,2
140,249,235,156,147,0,0,14,1
200,140,126,0,194,0,0,14,1
59,75,164,0,124,0,0,14,-1
313,422,287,223,149,0,0,14,1
249,150,218,111,201,0,0,14,1
259,293,237,206,166,0,0,18,1
183,122,763,154,230,220,60,18,2
220,253,241,94,246,0,0,18,1
249,224,196,76,222,0,0,18,1
249,268,218,176,99,0,0,18,1
199,74,702,153,219,127,23,18,2
297,380,284,145,296,0,0,18,1
490,511,322,235,466,0,0,18,2
289,173,258,92,350,0,0,18,1
215,233,207,176,117,0,0,18,1
788,594,852,202,923,572,420,18,-1
231,155,567,0,326,35,0,18,2
145,104,156,0,178,0,0,18,1
201,104,263,81,318,0,0,18,1
422,448,296,225,203,0,0,18,1
61,100,626,0,95,76,3,22,-1
335,276,206,76,165,0,0,22,1
311,157,257,97,362,0,0,22,1
197,165,184,0,208,0,0,22,1
153,105,137,29,166,0,0,22,1
245,214,225,52,261,0,0,22,1
180,183,283,190,238,0,0,22,1
253,107,720,142,225,149,30,22,2
239,291,249,70,246,0,0,22,1
242,177,226,106,256,0,0,22,1
79,113,782,207,248,266,70,22,2
453,652,335,246,347,0,0,22,1
365,291,547,110,332,28,0,22,2
69,105,152,121,3,0,0,22,-1
445,183,841,212,511,457,63,22,2
270,279,242,164,206,0,0,28,1
557,360,409,385,133,5,0,28,1
715,468,841,277,466,466,100,28,2
145,57,140,0,190,0,0,28,1
221,178,169,100,117,0,0,28,1
302,131,667,139,215,92,11,28,2
917,924,872,300,884,647,129,28,-1
392,436,251,59,351,0,0,28,1
194,106,458,78,346,8,0,28,2
70,38,160,0,133,0,0,28,-1
214,111,215,38,196,0,0,28,1
84,62,238,194,33,0,0,28,1
1023,1023,899,202,1023,959,337,28,-1
203,283,324,134,24,0,0,28,1
309,137,710,220,218,137,29,28,2
1023,1023,974,444,1023,1023,266,35,-1
329,269,264,198,181,0,0,35,1
216,89,196,0,302,0,0,35,1
381,268,197,24,325,0,0,35,1
111,111,216,0,199,0,0,35,1
284,194,222,98,181,0,0,35,1
182,90,609,132,225,53,0,35,2
163,97,171,0,160,0,0,35,1
188,97,166,136,181,0,0,35,1
110,87,169,0,145,0,0,35,1
243,229,196,39,178,0,0,35,1
322,506,295,260,41,0,0,35,1
181,80,713,133,215,140,26,35,2
353,185,254,0,366,0,0,35,1
70,65,149,19,146,0,0,35,1
177,185,205,121,102,0,0,42,1
94,11,158,0,194,0,0,42,-1
434,236,300,205,292,0,0,42,1
218,146,193,121,137,0,0,42,1
188,160,212,91,193,0,0,42,1
338,287,202,79,172,0,0,42,1
297,213,248,63,320,0,0,42,1
343,203,254,125,331,0,0,42,1
171,1023,0,0,3,0,0,42,-1
155,196,516,0,71,19,0,42,1
341,255,255,201,247,0,0,42,1
945,987,958,417,1023,1023,193,42,-1
204,158,148,8,180,0,0,42,1
286,138,509,121,365,17,0,42,2
199,118,208,25,195,0,0,42,1
231,222,712,105,226,139,39,48,2
280,252,243,97,218,0,0,48,1
352,379,241,65,282,0,0,48,1
213,108,178,32,183,0,0,48,1
526,782,337,238,489,0,0,48,-1
381,502,309,207,451,0,0,48,2
314,249,465,0,285,10,0,48,2
312,403,262,211,160,0,0,48,1
435,629,363,267,558,0,0,48,2
317,119,789,138,285,273,44,48,2
71,36,78,0,70,0,0,48,-1
262,130,834,266,329,426,58,48,2
242,172,224,86,188,0,0,48,1
192,175,238,84,196,0,0,48,1
165,119,167,0,139,0,0,48,1
200,156,258,135,272,0,0,55,1
113,685,265,232,33,0,0,55,-1
327,289,220,49,162,0,0,55,1
351,215,266,159,367,0,0,55,1
185,173,224,94,133,0,0,55,1
108,127,202,91,139,0,0,55,1
383,411,297,172,278,0,0,55,1
840,446,864,306,693,582,170,55,-1
1023,1023,946,212,1023,1023,345,55,-1
190,124,213,81,192,0,0,55,1
331,245,257,189,175,0,0,55,1
193,226,218,166,65,0,0,55,1
252,110,745,156,233,184,36,55,2
216,152,201,53,178,0,0,55,1
255,251,237,172,174,0,0,55,1
266,90,786,169,291,267,42,62,2
208,168,136,0,257,0,0,62,1
630,224,413,58,457,4,0,62,-1
197,169,349,136,17,0,0,62,1
339,212,682,139,306,106,15,62,2
75,160,121,45,42,0,0,62,-1
233,171,118,47,173,0,0,62,1
479,206,846,253,521,481,57,62,2
132,203,210,104,157,0,0,62,1
243,150,210,105,191,0,0,62,1
201,163,644,118,410,74,4,62,2
209,193,212,93,181,0,0,62,1
255,324,267,188,140,0,0,62,1
260,265,218,96,139,0,0,62,1
91,133,228,97,121,0,0,62,1
119,608,205,144,26,0,0,70,-1
285,158,841,236,452,463,64,70,2
397,224,237,182,208,0,0,70,1
195,131,220,47,215,0,0,70,1
418,351,605,89,291,49,0,70,2
716,346,739,170,344,188,108,70,-1
317,208,257,111,326,0,0,70,1
766,451,891,255,740,785,218,70,-1
105,557,180,139,22,0,0,70,-1
225,118,194,0,202,0,0,70,1
248,244,723,224,407,151,30,70,2
133,115,207,39,193,0,0,70,1
312,141,757,145,249,204,37,70,2
277,266,247,171,123,0,0,70,1
194,172,217,121,118,0,0,70,1
249,236,221,26,209,0,0,75,1
304,283,205,166,123,0,0,75,1
257,208,281,161,188,0,0,75,1
425,419,240,153,230,0,0,75,1
338,410,283,228,232,0,0,75,1
204,71,645,172,201,75,0,75,2
317,344,219,112,177,0,0,75,1
410,158,798,192,431,298,57,75,2
168,88,200,39,221,0,0,75,1
71,45,160,63,126,0,0,75,1
257,299,249,189,147,0,0,75,1
425,342,273,58,414,0,0,75,1
173,127,236,164,184,0,0,75,1
239,156,728,184,442,159,39,75,2
400,265,760,166,735,211,59,75,2
280,178,256,0,347,0,0,83,1
563,165,807,108,426,327,65,83,-1
337,378,237,121,213,0,0,83,1
283,307,228,162,306,0,0,83,1
169,266,215,198,24,0,0,83,1
64,71,836,268,418,616,56,83,-1
125,107,197,0,163,0,0,83,1
336,322,247,98,334,0,0,83,1
200,200,209,121,107,0,0,83,1
333,293,237,166,145,0,0,83,1
129,140,138,130,37,0,0,83,1
276,148,674,18,323,98,20,83,2
172,184,146,0,142,0,0,83,1
254,251,233,169,130,0,0,83,1
255,283,237,108,185,0,0,83,1
190,103,693,73,224,119,25,93,2
127,76,164,37,177,0,0,93,1
273,282,242,168,272,0,0,93,1
144,181,204,23,104,0,0,93,1
154,79,161,74,191,0,0,93,1
252,227,210,0,244,0,0,93,1
230,215,209,47,187,0,0,93,1
190,180,560,0,139,30,0,93,1
164,89,121,11,80,0,0,93,1
296,240,216,0,347,0,0,93,1
387,414,313,231,468,0,0,93,2
83,106,134,72,99,0,0,93,1
223,248,385,140,199,0,0,93,1
123,125,131,73,101,0,0,93,1
169,148,172,93,141,0,0,93,1
848,438,947,231,1023,1023,368,97,-1
83,165,59,98,7,0,0,97,-1
220,199,191,61,161,0,0,97,1
215,203,231,104,210,0,0,97,1
180,70,696,172,200,121,21,97,2
306,290,261,86,271,0,0,97,1
372,238,260,60,413,0,0,97,1
169,297,219,128,58,0,0,97,1
226,71,197,0,301,0,0,97,1
110,96,174,49,192,0,0,97,1
302,178,199,102,260,0,0,97,1
164,167,239,119,138,0,0,97,1
266,214,200,107,160,0,0,97,1
255,182,172,22,184,0,0,97,1
266,307,324,222,363,0,0,97,1
472,604,355,285,288,1,0,104,1
409,318,288,121,394,0,0,104,1
315,430,291,227,230,0,0,104,1
308,330,259,80,315,0,0,104,1
325,252,253,127,325,0,0,104,1
208,148,469,25,88,11,0,104,1
137,352,81,82,18,0,0,104,-1
204,130,539,53,299,26,0,104,2
154,70,219,47,215,0,0,104,1
225,246,234,134,208,0,0,104,1
95,130,174,103,16,0,0,104,1
189,88,601,35,358,48,0,104,2
292,239,185,0,317,0,0,104,1
199,164,157,92,69,0,0,104,1
327,134,580,87,170,39,0,104,1
216,211,206,0,226,0,0,109,1
445,580,263,149,277,0,0,109,1
170,140,94,4,94,0,0,109,1
165,130,134,38,178,0,0,109,1
365,490,289,156,462,0,0,109,2
262,174,197,107,214,0,0,109,1
144,98,167,0,166,0,0,109,1
279,219,203,143,160,0,0,109,1
943,460,879,337,1011,681,130,109,-1
258,138,668,161,455,93,14,109,2
481,545,493,426,152,16,0,109,1
369,125,857,213,351,542,88,109,2
292,213,226,16,271,0,0,109,1
333,118,785,212,308,263,46,109,2
232,415,228,173,40,0,0,109,1
189,101,186,0,195,0,0,116,1
169,138,221,0,239,0,0,116,1
120,123,220,149,148,0,0,116,1
120,101,204,0,146,0,0,116,1
347,152,234,54,367,0,0,116,1
262,232,222,112,185,0,0,116,1
143,413,332,451,342,0,0,116,-1
130,410,104,66,11,0,0,116,-1
298,121,349,371,121,0,0,116,1
320,285,224,153,174,0,0,116,1
298,297,231,110,335,0,0,116,1
104,63,429,0,163,5,0,116,1
250,138,262,216,98,0,0,116,1
240,206,229,151,177,0,0,116,1
303,264,235,52,299,0,0,116,1
248,224,200,54,109,0,0,121,1
400,391,255,118,238,0,0,121,1
445,676,339,237,432,0,0,121,2
392,552,316,226,332,0,0,121,1
190,167,224,68,187,0,0,121,1
224,228,232,113,150,0,0,121,1
316,1023,347,176,32,2,0,121,-1
226,148,186,0,170,0,0,121,1
209,105,612,203,342,52,0,121,2
203,171,158,54,151,0,0,121,1
401,178,477,30,355,12,0,121,2
270,147,822,214,359,379,60,121,2
99,60,178,31,186,0,0,121,1
235,191,157,106,52,0,0,121,1
209,241,267,191,198,0,0,121,1
296,217,169,66,185,0,0,126,1
294,191,718,162,316,148,38,126,2
157,51,152,27,196,0,0,126,1
258,205,232,126,144,0,0,126,1
236,262,224,150,92,0,0,126,1
228,148,198,90,182,0,0,126,1
474,166,858,173,497,572,132,126,2
339,219,268,54,410,0,0,126,1
287,260,234,136,222,0,0,126,1
216,114,83,0,173,0,0,126,1
74,205,111,96,11,0,0,126,-1
252,271,288,159,210,0,0,126,1
125,143,141,9,127,0,0,126,1
115,184,217,130,96,0,0,126,1
994,799,789,234,1023,333,292,126,-1
484,337,847,258,662,492,73,131,2
68,217,151,299,208,0,0,131,-1
216,192,219,121,174,0,0,131,1
343,217,578,160,310,38,0,131,2
418,489,240,138,193,0,0,131,1
220,128,242,136,204,0,0,131,1
160,112,178,5,212,0,0,131,1
644,800,339,247,359,0,0,131,-1
96,96,106,37,43,0,0,131,1
177,116,214,53,204,0,0,131,1
335,425,297,238,130,0,0,131,1
716,411,890,333,822,795,168,131,2
174,108,118,0,199,0,0,131,1
744,429,883,274,784,713,128,131,-1
401,525,332,235,352,0,0,131,1
337,336,265,90,321,0,0,137,1
414,275,295,143,565,0,0,137,2
975,780,911,76,1023,823,169,137,-1
488,263,887,281,598,708,76,137,2
293,319,255,195,185,0,0,137,1
249,223,221,131,162,0,0,137,1
193,142,197,0,243,0,0,137,1
192,137,173,0,181,0,0,137,1
152,158,616,0,143,54,0,137,1
276,191,209,106,188,0,0,137,1
300,354,292,188,222,0,0,137,1
291,236,175,0,305,0,0,137,1
210,168,200,135,128,0,0,137,1
350,177,755,186,275,201,39,137,2
240,163,240,63,227,0,0,137,1
431,190,868,266,579,600,72,140,2
304,293,287,181,255,0,0,140,1
95,282,207,121,43,0,0,140,-1
475,836,409,320,363,4,0,140,-1
256,184,194,49,268,0,0,140,1
252,281,263,102,352,0,0,140,1
289,168,794,284,454,286,44,140,2
196,179,206,120,157,0,0,140,1
711,476,810,268,567,324,65,140,2
212,251,228,126,238,0,0,140,1
592,712,385,297,487,1,0,140,2
433,598,307,160,550,0,0,140,2
416,410,315,183,409,0,0,140,1
342,465,312,273,170,0,0,140,1
253,105,186,61,190,0,0,140,1
922,577,909,251,967,975,223,146,-1
313,331,239,33,324,0,0,146,1
174,150,161,93,45,0,0,146,1
314,270,271,102,326,0,0,146,1
345,375,270,211,164,0,0,146,1
238,237,154,90,59,0,0,146,1
168,141,186,81,175,0,0,146,1
98,102,746,230,256,195,36,146,2
323,210,273,166,295,0,0,146,1
148,186,196,97,137,0,0,146,1
177,114,710,208,277,136,26,146,2
136,97,144,0,176,0,0,146,1
189,92,126,0,201,0,0,146,1
281,330,286,171,294,0,0,146,1
129,84,126,18,138,0,0,146,1
212,123,174,95,154,0,0,153,1
112,73,153,44,101,0,0,153,1
80,194,207,34,11,0,0,153,-1
267,173,295,176,380,0,0,153,1
302,328,242,98,285,0,0,153,1
187,138,222,159,143,0,0,153,1
255,209,228,126,107,0,0,153,1
446,547,310,231,294,0,0,153,1
155,198,181,68,121,0,0,153,1
130,104,142,60,70,0,0,153,1
286,142,243,134,220,0,0,153,1
266,349,261,113,364,0,0,153,1
245,198,237,110,268,0,0,153,1
157,125,261,165,182,0,0,153,1
1023,854,945,280,1023,1023,340,153,-1
341,297,250,220,144,0,0,157,1
175,130,144,34,182,0,0,157,1
124,183,189,32,162,0,0,157,1
765,343,711,168,721,139,46,157,-1
373,293,620,131,311,57,0,157,2
143,149,416,113,87,5,0,157,1
416,529,349,268,377,0,0,157,1
239,122,721,192,228,150,27,157,2
304,112,762,181,256,214,39,157,2
512,268,876,182,580,668,114,157,2
236,242,536,96,94,24,0,157,1
200,128,154,33,147,0,0,157,1
119,444,123,76,30,0,0,157,-1
730,509,908,283,739,1023,352,157,2
424,564,410,353,327,3,0,157,1
156,1023,569,79,19,41,24,164,-1
399,456,298,215,296,0,0,164,1
223,198,208,29,198,0,0,164,1
83,114,271,93,14,0,0,164,1
275,277,270,166,206,0,0,164,1
261,216,201,90,194,0,0,164,1
844,439,890,279,830,673,118,164,-1
63,409,19,34,1,0,0,164,-1
226,162,184,68,148,0,0,164,1
333,308,567,79,321,34,0,164,2
304,173,846,235,415,517,165,164,2
268,193,234,24,253,0,0,164,1
98,86,147,46,97,0,0,164,1
263,238,248,110,201,0,0,164,1
132,143,231,0,135,0,0,164,1
198,128,157,2,143,0,0,171,1
364,359,269,142,347,0,0,171,1
868,1023,471,428,772,13,0,171,-1
1023,781,958,222,1023,1023,252,171,-1
677,402,892,336,973,747,78,171,2
221,165,289,151,199,0,0,171,1
289,201,737,192,345,171,37,171,2
132,117,593,145,195,44,0,171,2
211,189,227,151,86,0,0,171,1
555,357,860,186,664,653,274,171,2
138,184,205,20,145,0,0,171,1
348,229,557,25,357,30,0,171,2
164,73,173,54,203,0,0,171,1
73,181,50,48,9,0,0,171,-1
166,164,195,0,148,0,0,171,1
280,211,251,0,344,0,0,174,1
189,110,708,161,201,136,31,174,2
484,361,328,153,270,0,0,174,1
273,121,769,75,253,230,50,174,2
138,105,176,60,146,0,0,174,1
222,201,606,40,300,50,0,174,2
564,1023,645,606,1023,72,21,174,-1
255,274,289,214,114,0,0,174,1
160,149,741,236,226,181,33,174,2
301,336,668,81,275,94,20,174,2
233,797,113,97,26,0,0,174,-1
229,233,574,169,328,35,0,174,2
181,103,126,61,190,0,0,174,1
648,434,900,217,769,795,94,174,2
259,217,218,77,240,0,0,174,1
315,343,284,218,85,0,0,180,1
208,175,198,62,148,0,0,180,1
1023,707,937,346,1023,1023,218,180,-1
311,409,256,187,159,0,0,180,1
734,1023,267,242,35,0,0,180,-1
175,115,181,101,78,0,0,180,1
201,260,582,143,102,39,0,180,1
277,177,713,0,359,140,37,180,2
231,238,590,164,117,42,0,180,1
139,152,237,116,218,0,0,180,1
165,195,132,37,105,0,0,180,1
251,291,264,144,326,0,0,180,1
241,181,217,120,207,0,0,180,1
359,147,677,138,217,101,21,180,2
105,138,154,0,133,0,0,180,1
104,79,740,128,214,187,41,185,2
301,200,848,220,467,494,68,185,2
260,203,579,120,344,38,0,185,2
359,246,642,143,288,71,10,185,2
227,205,216,151,172,0,0,185,1
318,484,399,284,715,2,0,185,2
526,904,361,260,372,2,0,185,-1
148,87,116,0,72,0,0,185,1
190,150,133,0,186,0,0,185,1
389,160,770,166,403,230,46,185,2
91,63,180,53,129,0,0,185,1
246,203,225,0,117,0,0,185,1
242,345,199,111,116,0,0,185,1
376,46,37,0,6,0,0,185,-1
255,150,682,141,206,108,21,185,2
238,213,238,59,251,0,0,189,1
302,282,227,103,342,0,0,189,1
119,82,208,85,212,0,0,189,1
151,110,295,78,199,0,0,189,1
201,104,162,71,151,0,0,189,1
292,172,735,177,390,171,40,189,2
344,393,284,175,245,0,0,189,1
90,114,128,98,24,0,0,189,1
201,118,162,14,203,0,0,189,1
266,202,188,0,258,0,0,189,1
308,280,284,167,270,0,0,189,1
183,148,156,7,197,0,0,189,1
273,216,246,193,158,0,0,189,1
411,223,827,270,323,395,54,189,2
140,105,233,82,212,0,0,189,1
229,248,240,116,350,0,0,200,1
188,122,186,46,205,0,0,200,1
496,709,374,301,254,3,0,200,1
732,1023,396,341,410,2,0,200,-1
313,181,238,84,357,0,0,200,1
343,357,237,189,155,0,0,200,1
339,464,292,185,315,0,0,200,1
205,87,162,50,204,0,0,200,1
136,94,123,64,96,0,0,200,1
151,91,185,62,168,0,0,200,1
71,150,289,2,18,0,0,200,-1
298,309,257,142,233,0,0,200,1
191,141,257,150,224,0,0,200,1
210,192,269,161,199,0,0,200,1
266,192,199,113,256,0,0,200,1
389,380,282,102,385,0,0,205,1
150,113,152,0,102,0,0,205,1
845,370,868,267,848,609,108,205,-1
520,308,874,357,662,676,147,205,2
226,195,145,48,137,0,0,205,1
142,120,167,0,191,0,0,205,1
60,123,347,56,49,5,0,205,-1
280,134,462,10,313,10,0,205,2
85,61,163,52,143,0,0,205,1
79,380,213,124,42,0,0,205,-1
193,222,178,95,144,0,0,205,1
455,443,307,259,158,0,0,205,1
287,145,832,288,358,419,57,205,2
263,293,272,228,146,0,0,205,1
271,89,222,87,206,0,0,205,1
320,487,296,191,214,0,0,210,1
80,85,52,32,7,0,0,210,1
175,261,236,99,281,0,0,210,1
164,141,267,169,160,0,0,210,1
441,417,280,200,301,0,0,210,1
153,126,87,0,98,0,0,210,1
566,208,393,103,357,1,0,210,-1
239,154,239,85,133,0,0,210,1
151,69,160,0,208,0,0,210,1
434,160,286,44,230,0,0,210,1
259,229,219,180,105,0,0,210,1
123,59,204,38,181,0,0,210,1
728,492,906,302,887,975,291,210,2
507,319,823,192,476,381,64,210,2
238,147,184,148,103,0,0,210,1
159,177,187,5,117,0,0,214,1
241,241,245,0,145,0,0,214,1
376,288,296,165,358,0,0,214,1
262,283,181,0,156,0,0,214,1
105,204,387,80,76,4,0,214,-1
109,137,127,25,99,0,0,214,1
286,255,189,0,194,0,0,214,1
194,95,147,39,194,0,0,214,1
294,241,152,11,283,0,0,214,1
138,164,474,186,58,12,0,214,1
187,84,183,0,168,0,0,214,1
206,158,751,231,380,195,38,214,2
218,202,208,104,172,0,0,214,1
290,260,284,167,409,0,0,214,1
221,293,248,150,120,0,0,214,1
736,318,485,148,423,17,0,221,-1
300,154,336,297,102,1,0,221,1
320,337,250,189,197,0,0,221,1
322,238,242,103,340,0,0,221,1
331,181,458,40,349,10,0,221,2
81,57,744,160,248,213,36,221,2
318,339,265,159,340,0,0,221,1
117,125,175,54,141,0,0,221,1
197,132,678,234,195,102,19,221,2
303,392,291,241,161,0,0,221,1
216,196,224,96,221,0,0,221,1
263,156,769,212,375,230,47,221,2
114,59,169,24,192,0,0,221,1
257,255,245,182,175,0,0,221,1
228,205,200,105,101,0,0,221,1
265,287,220,73,226,0,0,226,1
899,685,931,301,989,1023,341,226,-1
998,1023,933,142,1023,1023,210,226,-1
268,144,184,97,154,0,0,226,1
897,665,849,311,835,484,66,226,-1
358,321,254,201,212,0,0,226,1
157,132,187,0,174,0,0,226,1
236,242,233,65,171,0,0,226,1
673,415,861,351,715,558,59,226,2
339,80,395,163,426,2,0,226,-1
236,248,282,193,86,0,0,226,1
340,251,286,47,282,0,0,226,1
136,124,173,62,65,0,0,226,1
193,184,185,54,195,0,0,226,1
185,146,187,24,176,0,0,226,1
212,1023,379,289,59,1,0,231,-1
172,148,829,230,326,410,59,231,2
277,240,236,107,288,0,0,231,1
430,267,543,196,312,26,0,231,2
171,120,199,70,257,0,0,231,1
301,172,178,0,325,0,0,231,1
149,79,604,147,272,50,0,231,2
551,298,882,218,746,644,71,231,2
339,311,231,67,274,0,0,231,1
397,589,296,198,290,0,0,231,1
129,123,98,16,104,0,0,231,1
100,65,197,67,165,0,0,231,1
159,226,123,78,133,0,0,231,1
274,363,251,169,107,0,0,231,1
181,152,261,166,223,0,0,231,1
225,211,715,199,334,143,34,240,2
261,384,273,208,148,0,0,240,1
175,131,221,28,221,0,0,240,1
761,643,933,258,1023,1023,193,240,-1
148,58,190,50,197,0,0,240,1
164,55,214,88,221,0,0,240,1
260,200,231,120,313,0,0,240,1
232,185,203,179,90,0,0,240,1
68,322,177,66,15,0,0,240,-1
173,51,738,136,217,173,34,240,-1
544,355,852,230,644,606,277,240,2
66,44,126,84,150,0,0,240,-1
298,229,196,122,167,0,0,240,1
363,189,254,85,311,0,0,240,1
299,301,171,0,244,0,0,240,1
1023,755,893,307,888,884,259,246,-1
289,241,267,120,311,0,0,246,1
149,88,193,74,184,0,0,246,1
252,86,276,13,190,0,0,246,1
208,120,211,80,205,0,0,246,1
175,117,337,0,101,0,0,246,1
342,362,262,187,269,0,0,246,1
212,165,207,134,123,0,0,246,1
177,247,349,60,15,0,0,246,1
275,199,246,95,178,0,0,246,1
363,307,247,192,157,0,0,246,1
217,177,194,148,96,0,0,246,1
250,116,715,103,224,143,26,246,2
170,104,121,0,210,0,0,246,1
158,126,238,38,221,0,0,246,1
255,216,211,169,85,0,0,251,1
232,206,213,74,246,0,0,251,1
371,393,270,185,345,0,0,251,1
237,215,131,0,160,0,0,251,1
279,263,184,86,139,0,0,251,1
183,212,143,57,192,0,0,251,1
279,374,254,146,222,0,0,251,1
190,145,656,177,305,83,2,251,2
324,379,270,154,336,0,0,251,1
234,199,166,0,190,0,0,251,1
246,235,727,164,292,158,32,251,2
124,70,197,52,157,0,0,251,1
228,196,177,40,181,0,0,251,1
263,236,291,225,247,0,0,251,1
227,101,797,166,279,296,44,251,2
80,537,265,167,34,0,0,256,-1
597,573,660,235,529,85,10,256,2
101,196,209,51,99,0,0,256,-1
366,315,203,108,241,0,0,256,1
239,174,797,164,283,295,43,256,2
308,253,179,0,244,0,0,256,1
174,138,566,95,204,34,0,256,2
227,188,245,109,235,0,0,256,1
310,313,284,60,349,0,0,256,1
221,132,814,220,239,350,51,256,2
222,211,206,9,214,0,0,256,1
272,166,817,273,299,359,50,256,2
320,310,224,124,208,0,0,256,1
986,712,913,239,1023,998,243,256,-1
72,63,175,0,166,0,0,256,1
83,93,343,36,116,0,0,261,1
231,181,187,58,120,0,0,261,1
154,106,710,154,223,138,25,261,2
357,261,658,128,263,84,11,261,2
201,159,172,123,121,0,0,261,1
125,131,653,109,193,81,4,261,2
1023,1004,915,387,1023,1023,274,261,-1
230,165,747,60,219,188,40,261,2
465,583,353,293,187,0,0,261,1
327,138,275,93,404,0,0,261,1
163,67,80,17,144,0,0,261,1
231,351,508,87,97,19,0,261,1
215,263,217,131,119,0,0,261,1
444,111,511,61,370,19,0,261,-1
184,237,196,21,127,0,0,261,1
298,139,807,182,303,327,45,267,2
166,102,784,226,202,262,44,267,2
665,418,846,232,677,533,192,267,2
131,68,209,119,186,0,0,267,1
970,796,911,310,1023,1023,308,267,-1
437,252,531,144,253,23,0,267,2
577,244,800,270,456,302,55,267,2
259,251,235,28,309,0,0,267,1
231,126,210,23,366,0,0,267,1
189,175,548,133,328,27,0,267,2
213,113,256,148,347,0,0,267,1
272,188,577,72,376,37,0,267,2
281,265,204,17,104,0,0,267,1
829,485,931,319,978,1023,195,267,-1
336,307,684,191,732,111,33,267,2
698,480,862,246,731,626,266,272,2
280,337,276,233,98,0,0,272,1
192,281,241,175,84,0,0,272,1
299,129,506,71,358,18,0,272,2
358,242,751,181,402,185,46,272,2
236,233,240,149,159,0,0,272,1
177,134,614,111,256,55,0,272,2
83,672,243,188,38,0,0,272,-1
132,54,173,11,158,0,0,272,1
252,99,821,210,338,375,50,272,2
180,218,174,87,137,0,0,272,1
418,268,271,76,438,0,0,272,1
320,377,221,190,79,0,0,272,1
208,215,187,7,192,0,0,272,1
295,194,233,141,294,0,0,272,1
375,325,256,67,326,0,0,275,1
221,208,200,40,251,0,0,275,1
424,150,637,143,296,69,0,275,2
392,374,291,200,316,0,0,275,1
325,304,244,148,346,0,0,275,1
149,116,187,54,193,0,0,275,1
197,123,144,0,193,0,0,275,1
200,161,690,134,351,114,30,275,2
112,34,181,56,240,0,0,275,-1
175,85,180,37,181,0,0,275,1
147,117,153,1,149,0,0,275,1
167,126,188,68,188,0,0,275,1
497,350,823,187,431,398,113,275,2
195,213,204,122,104,0,0,275,1
345,246,211,0,356,0,0,275,1
200,75,149,83,188,0,0,281,1
683,787,437,265,1023,8,0,281,-1
302,328,266,140,263,0,0,281,1
298,252,256,196,180,0,0,281,1
151,126,207,97,199,0,0,281,1
167,130,174,32,113,0,0,281,1
122,45,206,68,212,0,0,281,1
270,242,239,111,277,0,0,281,1
419,531,307,214,411,0,0,281,1
141,108,613,171,189,54,0,281,2
213,239,159,42,93,0,0,281,1
577,742,374,314,289,1,0,281,1
383,241,209,94,318,0,0,281,1
261,247,208,8,254,0,0,281,1
159,229,207,168,110,0,0,281,1
179,188,202,84,155,0,0,285,1
148,123,215,130,184,0,0,285,1
275,404,268,170,154,0,0,285,1
302,266,649,108,288,79,5,285,2
344,466,252,197,131,0,0,285,1
377,357,235,0,387,0,0,285,1
259,115,783,204,272,259,43,285,2
142,711,305,213,28,0,0,285,-1
293,321,317,215,361,0,0,285,1
193,208,121,0,188,0,0,285,1
195,182,174,110,149,0,0,285,1
250,153,240,31,312,0,0,285,1
168,98,152,24,155,0,0,285,1
281,203,202,45,264,0,0,285,1
246,141,289,181,363,0,0,285,1
317,70,186,23,196,0,0,290,-1
94,117,319,0,9,0,0,290,1
109,107,112,0,118,0,0,290,1
272,131,664,26,220,90,11,290,2
396,208,552,128,363,30,0,290,2
256,159,215,119,196,0,0,290,1
75,79,166,47,104,0,0,290,1
207,273,214,100,222,0,0,290,1
140,82,225,22,187,0,0,290,1
236,198,417,81,16,4,0,290,1
197,189,165,84,138,0,0,290,1
304,236,238,151,256,0,0,290,1
137,119,183,0,148,0,0,290,1
174,89,197,0,181,0,0,290,1
301,386,280,219,126,0,0,290,1
298,250,217,190,175,0,0,298,1
91,108,189,124,89,0,0,298,1
323,266,212,0,369,0,0,298,1
230,159,214,60,236,0,0,298,1
145,89,142,0,135,0,0,298,1
209,201,438,110,17,9,0,298,1
140,90,156,0,173,0,0,298,1
275,143,174,40,203,0,0,298,1
184,147,217,70,143,0,0,298,1
354,589,350,295,225,0,0,298,1
991,845,916,301,1023,1023,363,298,-1
276,293,229,173,185,0,0,298,1
210,152,197,52,160,0,0,298,1
272,258,224,103,235,0,0,298,1
271,1023,257,227,32,0,0,298,-1
155,117,181,0,218,0,0,303,1
240,234,242,105,245,0,0,303,1
406,500,290,249,232,0,0,303,1
161,130,212,48,201,0,0,303,1
110,111,135,0,192,0,0,303,1
189,153,153,0,159,0,0,303,1
192,92,785,5,297,264,42,303,2
173,79,238,42,366,0,0,303,1
221,195,254,49,340,0,0,303,1
261,132,165,0,184,0,0,303,1
285,193,183,65,159,0,0,303,1
263,282,586,98,403,41,0,303,2
240,141,496,101,400,17,0,303,2
288,131,231,107,197,0,0,303,1
184,187,170,72,202,0,0,303,1
121,115,160,0,125,0,0,307,1
867,1023,437,385,654,7,0,307,-1
252,209,192,138,103,0,0,307,1
291,221,248,138,342,0,0,307,1
219,170,177,67,149,0,0,307,1
243,222,212,0,220,0,0,307,1
230,250,724,105,269,154,36,307,2
191,131,208,46,192,0,0,307,1
287,316,448,140,24,9,0,307,1
283,269,238,160,255,0,0,307,1
243,75,822,242,334,379,52,307,2
246,297,261,176,185,0,0,307,1
60,98,106,42,54,0,0,307,-1
322,289,245,160,245,0,0,307,1
1023,790,935,291,1023,1023,323,307,-1
167,147,175,0,199,0,0,313,1
678,588,846,300,777,477,99,313,2
286,125,762,108,268,214,38,313,2
273,213,283,89,391,0,0,313,1
305,194,213,106,197,0,0,313,1
84,49,179,73,159,0,0,313,1
164,138,204,103,189,0,0,313,1
273,344,618,159,215,57,0,313,2
167,151,580,47,264,37,0,313,2
294,318,688,142,286,114,24,313,2
215,238,181,30,179,0,0,313,1
745,440,914,227,897,986,262,313,-1
869,604,863,115,772,639,292,313,-1
228,335,217,116,267,0,0,313,1
118,15,177,25,205,0,0,313,-1
243,247,245,197,144,0,0,319,1
277,252,270,143,232,0,0,319,1
151,129,119,0,134,0,0,319,1
275,274,215,170,111,0,0,319,1
397,482,255,123,226,0,0,319,1
308,267,221,42,249,0,0,319,1
130,76,208,80,187,0,0,319,1
451,678,327,266,297,0,0,319,1
509,1023,462,413,739,10,0,319,-1
208,162,214,163,109,0,0,319,1
366,513,300,248,175,0,0,319,1
214,157,558,110,145,31,0,319,1
219,163,260,177,188,0,0,319,1
256,229,251,183,100,0,0,319,1
100,84,171,34,169,0,0,319,1
166,168,425,0,113,5,0,326,1
259,223,249,74,186,0,0,326,1
500,165,486,34,297,14,0,326,-1
346,405,276,150,307,0,0,326,1
167,114,155,1,193,0,0,326,1
321,342,242,121,156,0,0,326,1
273,241,247,149,265,0,0,326,1
312,222,252,191,189,0,0,326,1
382,490,279,129,281,0,0,326,1
273,196,191,107,161,0,0,326,1
156,111,682,174,247,107,16,326,2
313,155,236,165,218,0,0,326,1
78,107,116,105,72,0,0,326,1
422,283,219,129,175,0,0,326,1
253,137,737,113,350,173,40,326,2
313,290,211,112,189,0,0,334,1
550,651,397,285,716,3,0,334,2
360,205,204,75,327,0,0,334,1
295,252,258,70,296,0,0,334,1
356,390,254,141,159,0,0,334,1
264,112,808,190,271,329,47,334,2
183,191,209,49,176,0,0,334,1
281,128,801,164,306,309,44,334,2
210,127,269,142,303,0,0,334,1
290,318,265,53,298,0,0,334,1
177,98,133,25,189,0,0,334,1
290,352,257,183,233,0,0,334,1
221,180,207,168,76,0,0,334,1
308,214,237,82,329,0,0,334,1
411,222,889,254,569,722,67,334,2
350,304,285,200,240,0,0,346,1
412,386,262,168,282,0,0,346,1
1023,1023,917,325,1023,1023,298,346,-1
279,376,244,182,193,0,0,346,1
597,596,849,372,955,472,55,346,2
194,109,189,60,162,0,0,346,1
301,349,310,230,152,0,0,346,1
181,109,205,107,206,0,0,346,1
310,173,613,127,348,53,0,346,2
224,185,214,90,215,0,0,346,1
303,395,237,163,109,0,0,346,1
162,209,224,125,211,0,0,346,1
182,88,171,45,151,0,0,346,1
84,45,164,0,173,0,0,346,1
203,183,198,70,213,0,0,346,1
298,272,263,159,227,0,0,350,1
298,1023,233,237,57,0,0,350,-1
319,360,317,229,405,0,0,350,1
1023,1023,963,316,1023,1023,295,350,-1
257,93,493,88,172,16,0,350,1
233,183,580,151,301,38,0,350,2
121,117,241,148,169,0,0,350,1
166,187,153,28,110,0,0,350,1
117,74,208,119,176,0,0,350,1
909,609,887,312,853,760,203,350,-1
232,180,243,115,216,0,0,350,1
276,158,232,99,211,0,0,350,1
190,145,238,104,250,0,0,350,1
103,88,162,22,152,0,0,350,1
187,144,638,68,360,70,6,350,2
232,302,218,99,171,0,0,356,1
172,177,630,50,168,64,0,356,2
187,160,675,215,291,101,14,356,2
88,53,198,0,247,0,0,356,1
268,140,241,79,406,0,0,356,1
219,184,239,64,303,0,0,356,1
217,163,222,84,191,0,0,356,1
191,109,145,20,171,0,0,356,1
692,674,724,176,770,159,50,356,2
277,177,216,120,191,0,0,356,1
276,235,251,65,246,0,0,356,1
264,85,765,163,261,220,38,356,2
680,388,902,231,844,926,268,356,2
262,267,233,170,174,0,0,356,1
441,822,466,544,386,10,0,356,-1
353,498,297,239,203,0,0,363,1
75,50,172,51,107,0,0,363,1
112,87,214,39,174,0,0,363,1
269,282,222,104,267,0,0,363,1
298,277,241,158,171,0,0,363,1
349,360,268,141,219,0,0,363,1
699,530,864,218,688,575,81,363,2
327,395,277,146,329,0,0,363,1
114,65,197,102,196,0,0,363,1
188,160,524,112,210,21,0,363,1
68,66,263,26,3,0,0,363,1
255,241,254,184,221,0,0,363,1
357,396,300,200,452,0,0,363,2
136,114,171,100,79,0,0,363,1
706,345,471,156,520,13,0,363,-1
171,127,178,0,127,0,0,368,1
465,327,596,120,343,45,0,368,2
482,430,290,192,336,0,0,368,1
465,421,358,258,431,1,0,368,2
618,286,881,288,547,706,129,368,2
610,680,347,255,383,1,0,368,1
383,260,358,253,545,3,0,368,2
323,168,205,58,348,0,0,368,1
100,119,211,93,151,0,0,368,1
258,134,489,142,380,15,0,368,2
195,92,608,147,364,51,0,368,2
346,223,643,171,326,72,5,368,2
289,167,762,186,296,218,62,368,2
247,250,182,68,169,0,0,368,1
257,205,213,25,256,0,0,368,1
88,158,193,135,57,0,0,373,-1
403,447,281,138,375,0,0,373,1
326,149,685,126,344,110,20,373,2
194,189,186,88,91,0,0,373,1
184,156,155,111,57,0,0,373,1
186,113,169,47,185,0,0,373,1
349,344,239,37,370,0,0,373,1
172,85,205,25,187,0,0,373,1
111,134,269,0,279,0,0,373,1
304,429,283,217,179,0,0,373,1
203,183,170,46,181,0,0,373,1
147,168,247,118,188,0,0,373,1
185,109,208,57,190,0,0,373,1
157,156,514,84,49,20,0,373,1
230,381,206,96,71,0,0,373,1
105,108,211,103,96,0,0,379,1
295,118,696,128,385,122,22,379,2
169,123,221,70,265,0,0,379,1
215,247,187,160,82,0,0,379,1
240,325,257,226,99,0,0,379,1
333,378,266,192,177,0,0,379,1
331,303,233,122,137,0,0,379,1
1023,216,658,263,1023,108,200,379,-1
372,451,313,214,273,0,0,379,1
94,85,180,28,164,0,0,379,1
155,165,133,0,176,0,0,379,1
232,168,167,22,158,0,0,379,1
336,370,264,170,172,0,0,379,1
456,536,324,205,539,0,0,379,2
368,382,287,199,391,0,0,379,1
388,1023,622,558,380,62,40,385,-1
169,125,723,150,338,153,26,385,2
183,311,246,198,77,0,0,385,1
186,114,189,116,121,0,0,385,1
106,111,158,98,78,0,0,385,1
159,81,207,115,201,0,0,385,1
268,440,259,188,63,0,0,385,1
236,82,828,237,334,400,53,385,2
186,152,145,52,148,0,0,385,1
473,402,249,65,380,0,0,385,1
188,129,535,0,175,25,0,385,1
297,285,240,179,131,0,0,385,1
623,272,835,192,470,443,114,385,-1
129,169,170,59,55,0,0,385,1
334,441,289,148,354,0,0,385,1
234,171,203,44,173,0,0,390,1
156,258,322,96,15,0,0,390,1
132,153,151,148,52,0,0,390,1
172,118,195,0,170,0,0,390,1
270,207,219,153,143,0,0,390,1
207,83,202,101,204,0,0,390,1
819,582,910,311,1023,1023,320,390,-1
228,139,182,54,179,0,0,390,1
281,238,230,180,139,0,0,390,1
180,152,700,26,173,125,26,390,2
222,108,590,149,184,43,0,390,2
844,406,856,253,764,530,59,390,-1
266,150,263,153,202,0,0,390,1
338,1023,335,308,72,0,0,390,-1
241,224,229,174,162,0,0,390,1
286,222,152,35,161,0,0,398,1
906,530,811,332,711,326,59,398,-1
294,359,278,224,242,0,0,398,1
542,541,342,249,489,0,0,398,2
113,75,161,25,194,0,0,398,1
182,143,208,47,198,0,0,398,1
177,122,156,71,197,0,0,398,1
68,41,122,15,141,0,0,398,-1
337,147,229,68,335,0,0,398,1
308,368,280,191,221,0,0,398,1
486,225,848,200,483,506,111,398,2
191,151,217,47,246,0,0,398,1
365,511,355,308,292,0,0,398,1
251,177,259,168,152,0,0,398,1
231,118,793,252,283,284,47,398,2
202,226,222,153,69,0,0,404,1
248,203,197,111,119,0,0,404,1
248,232,247,184,98,0,0,404,1
110,84,142,88,92,0,0,404,1
136,70,429,0,198,6,0,404,1
804,222,829,310,697,428,157,404,-1
306,194,562,47,387,32,0,404,2
262,177,173,28,145,0,0,404,1
351,179,656,87,396,83,12,404,2
189,119,209,97,193,0,0,404,1
250,194,209,40,189,0,0,404,1
292,301,248,109,288,0,0,404,1
290,147,768,229,273,227,39,404,2
268,119,153,0,186,0,0,404,1
115,75,138,95,61,0,0,404,1
139,60,224,0,310,0,0,411,1
269,251,277,216,231,0,0,411,1
169,90,139,0,204,0,0,411,1
207,152,221,106,196,0,0,411,1
522,470,287,155,268,0,0,411,1
224,169,147,67,178,0,0,411,1
244,177,200,36,198,0,0,411,1
156,83,777,230,254,245,42,411,2
278,311,257,114,232,0,0,411,1
195,136,246,104,333,0,0,411,1
103,139,130,0,93,0,0,411,1
427,361,308,212,277,0,0,411,1
200,163,141,0,186,0,0,411,1
104,53,100,0,190,0,0,411,1
462,461,620,125,201,58,0,411,2
94,111,162,87,144,0,0,419,1
187,248,293,226,207,0,0,419,1
539,882,396,268,831,3,0,419,-1
83,53,172,0,151,0,0,419,1
98,129,96,92,14,0,0,419,1
193,104,244,162,211,0,0,419,1
249,237,229,121,170,0,0,419,1
670,445,856,257,710,532,63,419,2
158,95,148,26,140,0,0,419,1
154,98,216,58,217,0,0,419,1
115,111,219,106,156,0,0,419,1
295,118,776,237,274,243,43,419,2
270,117,786,245,279,267,43,419,2
249,230,191,49,171,0,0,419,1
337,205,441,0,216,7,0,419,1
92,96,172,82,99,0,0,428,1
649,220,870,196,731,697,267,428,-1
206,129,235,183,204,0,0,428,1
343,424,300,246,215,0,0,428,1
245,203,184,2,169,0,0,428,1
128,50,162,0,206,0,0,428,1
219,133,225,96,154,0,0,428,1
134,103,156,89,72,0,0,428,1
224,222,215,135,190,0,0,428,1
245,324,231,190,100,0,0,428,1
282,348,216,121,163,0,0,428,1
283,257,261,147,327,0,0,428,1
363,365,271,196,288,0,0,428,1
970,266,604,374,381,74,277,428,-1
143,109,136,110,79,0,0,428,1
206,168,188,33,168,0,0,434,1
158,165,180,71,61,0,0,434,1
177,80,174,6,157,0,0,434,1
199,254,605,113,259,50,0,434,2
256,183,436,47,289,7,0,434,1
68,113,318,36,97,0,0,434,-1
294,169,206,96,176,0,0,434,1
114,116,175,108,118,0,0,434,1
263,305,140,60,124,0,0,434,1
226,73,128,0,312,0,0,434,1
496,698,365,321,319,1,0,434,1
287,160,202,52,213,0,0,434,1
479,663,331,288,216,0,0,434,1
278,215,257,186,182,0,0,434,1
598,364,786,262,502,258,46,434,2
753,406,879,265,800,693,153,437,-1
231,139,194,53,196,0,0,437,1
734,872,755,126,983,258,261,437,-1
255,195,214,25,210,0,0,437,1
301,328,252,107,269,0,0,437,1
334,257,216,141,187,0,0,437,1
317,398,281,245,154,0,0,437,1
89,615,0,182,12,0,0,437,-1
250,188,211,88,230,0,0,437,1
213,188,211,156,63,0,0,437,1
113,59,187,115,170,0,0,437,1
163,139,208,86,168,0,0,437,1
120,105,201,88,118,0,0,437,1
474,223,859,259,482,554,192,437,2
616,257,328,123,486,0,0,437,-1
138,187,271,217,161,0,0,444,1
214,191,231,103,207,0,0,444,1
419,461,301,201,309,0,0,444,1
275,193,156,33,285,0,0,444,1
221,144,677,151,202,102,18,444,2
208,88,724,135,389,156,27,444,2
246,114,809,185,288,334,49,444,2
932,445,857,274,815,526,78,444,-1
351,190,220,49,264,0,0,444,1
92,119,252,93,237,0,0,444,1
121,273,262,225,32,0,0,444,-1
126,185,514,105,105,20,0,444,1
173,134,118,4,151,0,0,444,1
106,88,202,104,153,0,0,444,1
446,188,822,275,429,379,60,444,2
87,155,246,218,23,0,0,451,-1
432,349,598,87,344,47,0,451,2
108,66,196,68,154,0,0,451,1
283,192,701,191,252,126,29,451,2
558,203,798,267,407,309,107,451,-1
219,214,220,156,84,0,0,451,1
325,293,233,128,214,0,0,451,1
211,200,226,176,83,0,0,451,1
344,370,272,167,206,0,0,451,1
326,380,411,187,105,2,0,451,1
148,96,774,244,362,241,43,451,2
129,118,201,49,157,0,0,451,1
266,229,201,34,336,0,0,451,1
916,963,907,254,983,909,183,451,-1
391,433,308,230,289,0,0,451,1
184,100,172,9,202,0,0,460,1
156,107,166,58,180,0,0,460,1
292,246,237,178,117,0,0,460,1
517,174,684,134,329,109,28,460,-1
291,285,677,166,339,101,20,460,2
194,73,161,32,189,0,0,460,1
140,106,139,59,81,0,0,460,1
191,243,378,0,141,1,0,460,1
363,280,187,72,265,0,0,460,1
198,165,204,36,219,0,0,460,1
327,494,297,247,186,0,0,460,1
503,200,346,137,292,0,0,460,1
216,102,797,150,296,297,49,460,2
228,116,185,92,180,0,0,460,1
279,351,257,191,164,0,0,460,1
237,181,223,159,213,0,0,464,1
297,284,251,196,122,0,0,464,1
395,450,315,267,136,0,0,464,1
181,228,363,75,9,1,0,464,1
264,150,777,194,253,245,42,464,2
291,165,231,190,207,0,0,464,1
111,37,179,37,180,0,0,464,-1
107,83,731,86,171,163,32,464,2
244,208,196,123,145,0,0,464,1
319,313,259,138,242,0,0,464,1
218,138,690,190,363,114,18,464,2
89,65,180,23,168,0,0,464,1
234,123,247,0,372,0,0,464,1
239,120,277,92,431,0,0,464,1
714,486,868,232,613,686,444,464,2
274,229,280,234,76,0,0,469,1
274,124,213,97,189,0,0,469,1
601,381,861,280,603,575,81,469,2
566,590,698,211,511,122,32,469,2
323,128,650,185,202,77,9,469,2
221,209,178,103,76,0,0,469,1
170,107,97,16,177,0,0,469,1
534,160,686,157,388,110,23,469,-1
113,141,187,117,141,0,0,469,1
357,351,316,255,182,0,0,469,1
350,193,450,123,360,9,0,469,2
263,1023,305,252,38,0,0,469,-1
317,180,300,65,341,0,0,469,1
105,156,360,116,54,1,0,469,1
355,433,297,258,140,0,0,469,1
370,390,303,200,299,0,0,474,1
300,367,249,195,111,0,0,474,1
450,790,314,261,91,0,0,474,-1
340,330,282,120,426,0,0,474,1
336,306,252,105,350,0,0,474,1
251,269,234,112,137,0,0,474,1
181,174,198,123,142,0,0,474,1
376,125,741,223,307,178,38,474,2
169,189,213,113,232,0,0,474,1
240,147,193,0,173,0,0,474,1
93,118,146,55,93,0,0,474,1
448,453,307,193,244,0,0,474,1
131,131,728,162,171,182,39,474,2
260,273,240,96,147,0,0,474,1
186,208,172,51,105,0,0,474,1
292,136,794,236,298,288,44,478,2
166,200,197,99,74,0,0,478,1
245,99,252,152,190,0,0,478,1
193,114,109,0,191,0,0,478,1
149,130,228,23,239,0,0,478,1
229,190,372,7,123,1,0,478,1
455,485,322,209,388,0,0,478,1
99,157,185,102,124,0,0,478,1
324,309,234,176,114,0,0,478,1
293,173,595,94,329,45,0,478,2
186,181,153,0,218,0,0,478,1
313,324,231,125,179,0,0,478,1
256,182,273,195,242,0,0,478,1
300,186,204,0,345,0,0,478,1
372,418,295,268,170,0,0,478,1
313,221,280,149,458,0,0,484,2
274,354,233,173,172,0,0,484,1
882,519,853,201,830,637,327,484,-1
254,350,185,54,117,0,0,484,1
166,133,244,15,272,0,0,484,1
125,67,214,0,195,0,0,484,1
220,171,218,74,219,0,0,484,1
112,124,658,32,177,89,9,484,2
817,707,873,293,708,869,408,484,-1
563,955,403,322,627,4,0,484,-1
273,112,134,23,189,0,0,484,1
315,286,274,116,243,0,0,484,1
413,317,644,85,316,74,6,484,2
199,116,155,75,190,0,0,484,1
202,183,194,60,128,0,0,484,1
196,157,164,77,94,0,0,494,1
62,114,80,26,86,0,0,494,-1
661,289,858,174,620,586,179,494,-1
283,312,279,208,154,0,0,494,1
471,491,333,192,561,0,0,494,2
404,209,747,234,367,190,48,494,2
258,220,146,43,183,0,0,494,1
92,97,144,74,81,0,0,494,1
615,283,800,200,548,294,51,494,2
224,207,257,162,126,0,0,494,1
135,102,227,123,130,0,0,494,1
207,205,140,0,166,0,0,494,1
69,88,115,0,56,0,0,494,1
183,106,555,81,341,30,0,494,2
314,185,248,73,356,0,0,494,1
208,172,197,49,127,0,0,498,1
311,384,272,108,316,0,0,498,1
638,832,334,308,249,0,0,498,-1
109,159,209,119,154,0,0,498,1
131,94,196,105,112,0,0,498,1
114,111,186,33,111,0,0,498,1
1023,343,887,355,1023,991,305,498,-1
249,234,224,127,147,0,0,498,1
280,250,306,249,260,0,0,498,1
288,221,170,0,342,0,0,498,1
277,91,242,10,338,0,0,498,1
268,238,217,0,295,0,0,498,1
232,247,243,105,154,0,0,498,1
172,221,202,112,44,0,0,498,1
651,466,755,231,691,206,57,498,2
825,917,837,133,1023,519,67,506,-1
69,610,217,148,23,0,0,506,-1
222,244,223,149,225,0,0,506,1
289,180,196,32,258,0,0,506,1
723,355,908,235,788,1002,299,506,-1
345,350,304,221,310,0,0,506,1
237,191,209,129,170,0,0,506,1
180,152,176,4,220,0,0,506,1
464,353,847,203,591,583,228,506,2
502,170,573,145,348,36,0,506,-1
580,285,851,316,520,508,69,506,2
759,581,854,238,655,515,59,506,2
158,111,624,118,210,60,0,506,2
403,479,268,195,164,0,0,506,1
233,209,171,61,220,0,0,506,1
262,365,245,149,98,0,0,511,1
244,121,520,51,135,21,0,511,1
219,212,145,0,169,0,0,511,1
270,187,205,86,256,0,0,511,1
85,87,181,17,140,0,0,511,1
920,481,869,251,834,654,188,511,-1
405,173,805,229,368,320,49,511,2
247,234,210,0,229,0,0,511,1
85,139,222,124,108,0,0,511,1
220,167,651,116,262,78,6,511,2
125,83,164,0,158,0,0,511,1
498,433,723,197,613,153,32,511,2
820,354,880,253,748,783,250,511,-1
476,435,646,114,291,76,7,511,2
459,223,692,226,457,123,58,511,2
293,330,171,61,58,0,0,515,1
126,96,209,120,129,0,0,515,1
145,164,369,18,13,1,0,515,1
290,169,222,37,339,0,0,515,1
254,92,200,55,206,0,0,515,1
144,120,802,166,502,323,63,515,2
751,218,693,248,549,145,211,515,-1
487,217,877,307,575,662,93,515,2
207,268,233,120,161,0,0,515,1
166,98,169,35,129,0,0,515,1
152,115,190,0,282,0,0,515,1
906,1023,453,380,381,10,0,515,-1
238,228,202,53,195,0,0,515,1
298,163,243,0,290,0,0,515,1
327,143,767,212,262,225,44,515,2
246,151,538,74,311,25,0,522,2
339,215,804,252,478,317,51,522,2
807,594,775,313,459,230,61,522,-1
558,198,425,124,480,4,0,522,-1
212,247,636,7,251,68,2,522,2
178,93,213,133,218,0,0,522,1
181,64,149,46,171,0,0,522,1
137,103,159,53,184,0,0,522,1
446,584,340,302,201,0,0,522,1
541,634,309,210,524,0,0,522,2
255,315,257,159,261,0,0,522,1
130,116,251,172,190,0,0,522,1
337,199,704,181,303,131,33,522,2
167,118,220,124,178,0,0,522,1
371,363,208,0,337,0,0,522,1
334,339,246,198,165,0,0,531,1
340,289,732,85,376,166,41,531,2
257,197,245,86,316,0,0,531,1
410,223,493,115,171,15,0,531,1
171,68,697,141,341,120,21,531,2
227,79,187,54,190,0,0,531,1
533,210,861,313,478,560,73,531,2
208,148,226,159,184,0,0,531,1
245,202,269,164,158,0,0,531,1
158,182,183,105,111,0,0,531,1
353,414,266,184,138,0,0,531,1
254,180,190,0,253,0,0,531,1
319,259,698,159,360,122,29,531,2
174,159,166,0,166,0,0,531,1
91,96,169,82,164,0,0,531,1
148,1023,411,366,103,4,0,537,-1
206,169,697,180,336,122,21,537,2
95,65,174,38,149,0,0,537,1
386,414,557,152,198,30,0,537,1
779,461,882,295,651,694,163,537,-1
279,194,218,134,131,0,0,537,1
455,736,342,301,167,0,0,537,1
371,308,246,66,379,0,0,537,1
501,873,382,327,310,3,0,537,-1
165,366,617,128,190,56,0,537,-1
292,230,216,162,155,0,0,537,1
97,118,135,91,47,0,0,537,1
278,372,258,169,151,0,0,537,1
128,86,208,54,180,0,0,537,1
384,383,254,136,277,0,0,537,1
294,443,286,201,113,0,0,545,1
210,338,314,134,45,0,0,545,1
153,119,157,38,113,0,0,545,1
340,185,822,202,414,396,88,545,2
171,113,177,80,187,0,0,545,1
228,118,806,201,278,325,52,545,2
290,361,210,153,140,0,0,545,1
338,302,305,183,456,0,0,545,2
143,125,621,108,265,59,0,545,2
235,151,612,0,386,53,0,545,2
130,115,165,142,44,0,0,545,1
271,302,248,197,154,0,0,545,1
76,58,0,0,3,0,0,545,1
459,271,841,193,598,603,329,545,2
394,210,837,205,533,442,62,545,2
214,203,206,82,173,0,0,550,1
81,115,133,0,181,0,0,550,1
345,276,230,111,260,0,0,550,1
444,262,764,178,375,219,41,550,2
213,261,187,74,158,0,0,550,1
144,146,202,108,169,0,0,550,1
99,46,172,87,169,0,0,550,1
347,453,317,246,262,0,0,550,1
297,350,275,194,105,0,0,550,1
336,156,799,189,289,302,47,550,2
332,331,242,199,124,0,0,550,1
204,222,555,74,287,30,0,550,2
239,211,205,125,265,0,0,550,1
154,61,83,0,140,0,0,550,1
494,605,334,252,351,0,0,550,1
261,239,197,56,327,0,0,557,1
386,443,305,247,209,0,0,557,1
412,140,250,81,377,0,0,557,1
285,221,237,166,193,0,0,557,1
187,234,199,111,107,0,0,557,1
414,203,821,250,337,378,54,557,2
154,170,201,86,118,0,0,557,1
359,291,211,30,258,0,0,557,1
303,340,275,214,133,0,0,557,1
160,114,199,46,176,0,0,557,1
309,252,709,146,373,137,34,557,2
1023,268,594,349,1023,49,0,557,-1
338,167,605,174,336,50,0,557,2
322,335,583,147,206,39,0,557,2
190,159,201,95,117,0,0,557,1
286,149,195,98,158,0,0,562,1
161,113,237,95,177,0,0,562,1
148,92,237,28,209,0,0,562,1
82,97,147,33,199,0,0,562,1
466,519,311,220,350,0,0,562,1
275,246,199,107,148,0,0,562,1
279,266,236,115,222,0,0,562,1
195,215,226,74,176,0,0,562,1
187,133,560,139,259,31,0,562,2
88,89,131,21,135,0,0,562,1
139,90,205,23,174,0,0,562,1
347,169,240,142,184,0,0,562,1
333,241,750,217,363,194,45,562,2
367,301,274,154,329,0,0,562,1
281,239,681,104,293,105,30,562,2
250,262,243,141,151,0,0,571,1
308,337,281,186,197,0,0,571,1
376,134,688,218,345,114,27,571,2
222,156,185,0,232,0,0,571,1
116,105,91,37,73,0,0,571,1
210,126,683,222,355,107,20,571,2
126,73,207,67,152,0,0,571,1
275,286,241,188,160,0,0,571,1
159,89,280,231,57,0,0,571,1
317,418,253,197,103,0,0,571,1
209,211,301,211,408,0,0,571,1
237,321,206,55,308,0,0,571,1
200,184,169,27,188,0,0,571,1
289,328,265,182,291,0,0,571,1
734,317,847,228,661,485,61,571,-1
246,241,220,112,163,0,0,576,1
527,216,801,159,480,309,61,576,2
97,96,179,81,165,0,0,576,1
250,83,217,91,195,0,0,576,1
143,155,101,0,190,0,0,576,1
134,113,158,35,155,0,0,576,1
60,58,187,0,2,0,0,576,-1
196,141,214,66,189,0,0,576,1
152,45,119,0,186,0,0,576,-1
263,220,235,106,229,0,0,576,1
306,208,574,63,280,36,0,576,2
312,371,483,189,101,14,0,576,1
241,300,190,105,150,0,0,576,1
237,264,250,178,214,0,0,576,1
275,150,571,113,180,35,0,576,1
273,243,237,78,238,0,0,581,1
346,502,255,104,286,0,0,581,1
318,304,246,149,217,0,0,581,1
595,836,880,260,873,742,236,581,-1
197,210,743,219,358,182,50,581,2
362,223,870,204,544,749,260,581,2
296,182,249,2,319,0,0,581,1
173,115,156,66,180,0,0,581,1
149,67,680,159,220,106,17,581,2
426,472,337,248,391,1,0,581,1
212,201,235,189,129,0,0,581,1
198,168,197,84,123,0,0,581,1
243,256,244,155,148,0,0,581,1
205,133,666,51,325,91,9,581,2
196,124,203,126,164,0,0,581,1
219,193,215,133,152,0,0,586,1
397,657,385,305,376,3,0,586,2
196,135,281,126,243,0,0,586,1
193,174,154,111,83,0,0,586,1
181,98,208,20,210,0,0,586,1
378,171,686,123,325,112,22,586,2
725,290,717,118,490,146,43,586,-1
261,307,551,164,152,28,0,586,1
135,81,150,0,203,0,0,586,1
136,90,241,150,166,0,0,586,1
201,157,175,21,196,0,0,586,1
265,193,224,113,193,0,0,586,1
436,172,763,184,444,217,45,586,2
107,114,158,84,92,0,0,586,1
245,79,810,237,299,339,52,586,2
160,201,201,103,134,0,0,591,1
107,58,244,98,327,0,0,591,1
429,429,291,219,247,0,0,591,1
121,1023,454,705,1023,11,0,591,-1
245,182,203,147,170,0,0,591,1
476,286,273,117,355,0,0,591,1
243,225,446,139,203,7,0,591,1
337,422,187,147,111,0,0,591,1
71,115,109,99,53,0,0,591,-1
303,152,228,109,262,0,0,591,1
272,192,210,105,205,0,0,591,1
196,235,228,202,64,0,0,591,1
212,249,176,94,132,0,0,591,1
126,151,214,77,190,0,0,591,1
222,195,646,109,377,77,14,591,2
112,75,170,94,213,0,0,593,1
418,456,297,271,210,0,0,593,1
183,92,148,0,192,0,0,593,1
310,292,256,187,227,0,0,593,1
229,155,177,85,162,0,0,593,1
185,124,177,0,188,0,0,593,1
254,216,186,129,102,0,0,593,1
133,209,420,167,98,3,0,593,1
287,345,249,177,56,0,0,593,1
349,345,257,160,176,0,0,593,1
194,153,215,89,129,0,0,593,1
323,594,383,187,106,1,0,593,1
307,112,801,211,301,309,58,593,2
299,219,234,125,259,0,0,593,1
330,255,265,175,258,0,0,593,1
328,350,265,81,282,0,0,598,1
457,241,654,123,353,81,15,598,2
118,111,129,98,62,0,0,598,1
227,353,243,192,136,0,0,598,1
173,218,231,76,28,0,0,598,1
330,582,311,267,143,0,0,598,1
207,227,207,162,66,0,0,598,1
130,117,212,112,210,0,0,598,1
68,169,15,0,9,0,0,598,-1
464,424,328,216,358,0,0,598,1
340,460,249,23,363,0,0,598,1
124,149,445,129,83,9,0,598,1
678,327,274,196,259,0,0,598,-1
722,443,871,218,714,675,279,598,2
277,1023,398,355,120,4,0,598,-1
